{
    "training": [
        0.028233591467142105,
        0.016955235973000526,
        0.005973985884338617,
        0.006549076177179813,
        0.012052668258547783,
        0.009218545630574226,
        0.009702770039439201,
        0.011917409487068653,
        0.007803469430655241,
        0.01831967942416668,
        0.03182537853717804,
        0.035189852118492126,
        0.03557639196515083,
        0.012848468497395515,
        0.07968118786811829,
        0.20483966171741486,
        0.2912246584892273,
        0.10551571100950241,
        0.16911201179027557,
        0.1035505160689354,
        0.1692955642938614,
        0.10986611992120743,
        0.0975661352276802,
        0.070811927318573,
        0.14317062497138977,
        0.09430204331874847,
        0.18126964569091797,
        0.13692623376846313,
        0.182329460978508,
        0.07055976241827011,
        0.053687866777181625,
        0.1588532030582428,
        0.18093428015708923,
        0.23097003996372223,
        0.1277051568031311,
        0.1347149759531021,
        0.0475153811275959,
        0.09738709032535553,
        0.3217606246471405,
        0.2443617731332779,
        0.14609335362911224,
        0.22118164598941803,
        0.19452570378780365,
        0.09811729192733765,
        0.0953446701169014,
        0.1546347737312317,
        0.17686158418655396,
        0.11824337393045425,
        0.15504299104213715,
        0.17096897959709167,
        0.13801215589046478,
        0.0896541029214859,
        0.1595599204301834,
        0.12365926802158356,
        0.2591443359851837,
        0.3683987855911255,
        0.3151931166648865,
        0.3255845010280609
    ],
    "validation": [
        1.5564841855974758,
        1.7506575019044035,
        2.1426680324708713,
        2.0040868148207664,
        2.049826323547784,
        2.097189482958878,
        2.062419142354937,
        2.1461739198249927,
        2.1951113671940914,
        2.0299428157946644,
        2.0379221145721043,
        2.181960481492912,
        2.1350608586388478,
        2.3037313880289303,
        1.9381833269315607,
        1.710274565307533,
        0.7897562489790075,
        1.3612040184876497,
        1.201216355404433,
        1.2309994219857103,
        1.184901595553931,
        1.3594610967180307,
        1.2118470449658,
        1.3229780837016947,
        1.2765640563824598,
        1.3207308492239784,
        1.205046959221363,
        1.4335883321130978,
        0.9643695959273506,
        1.5423514790394728,
        1.632001709412126,
        1.2740407384493773,
        1.1792780182817404,
        1.0319247776094604,
        1.2870232857325499,
        1.2524920474080479,
        1.5048901947105633,
        1.365515662905048,
        0.9744985305211123,
        0.8654886812848204,
        1.4015823664034115,
        1.1810067203991554,
        0.9674603925908313,
        1.3013835005900438,
        1.4328934716827728,
        1.3161657207152422,
        1.1887270860812242,
        1.4208184445605558,
        1.3638332950718262,
        1.4343123733997345,
        1.423188109169988,
        1.5976066655095886,
        1.4409649867345304,
        1.436957544701941,
        1.099649503827095,
        0.8206243637730094,
        0.9792387774761986,
        0.926581587861566
    ],
    "accuracy": 0.4305882352020811
}